<?xml version="1.0" encoding="utf-8" ?>
<dwsync>
<file name="remove-icon-small.png" local="130063036083564160" remote="130946808000000000" testing="0" />
<file name="input-spinner.gif" local="130087124670000000" remote="130946808000000000" testing="0" />
<file name="syncfusion-icons-white.png" local="130063036244483364" remote="130946808000000000" testing="0" />
<file name="portlet-remove-icon.png" local="130063036423583608" remote="130946808000000000" testing="0" />
<file name="portlet-config-icon.png" local="130063036063573016" remote="130946808000000000" testing="0" />
<file name="portlet-reload-icon.png" local="130063036299986538" remote="130946808000000000" testing="0" />
<file name="portlet-expand-icon.png" local="130063036152798120" remote="130946808000000000" testing="0" />
<file name="portlet-collapse-icon.png" local="130063036262794411" remote="130946808000000000" testing="0" />
<file name="portlet-remove-icon-white.png" local="130063036153658169" remote="130946808000000000" testing="0" />
<file name="accordion-plusminus.png" local="130347895856838169" remote="130946808000000000" testing="0" />
<file name="ajax-loading.gif" local="130119658670164809" remote="130946808000000000" testing="0" />
<file name="ajax-modal-loading.gif" local="130135390608291943" remote="130946808000000000" testing="0" />
<file name="datatable-row-openclose.png" local="130078298578349030" remote="130946808000000000" testing="0" />
<file name="loading-spinner-blue.gif" local="130363322105090862" remote="130946808000000000" testing="0" />
<file name="loading-spinner-default.gif" local="130362704799320537" remote="130946808000000000" testing="0" />
<file name="loading-spinner-grey.gif" local="130362711100756552" remote="130946808000000000" testing="0" />
<file name="loading.gif" local="130063036499597955" remote="130946808000000000" testing="0" />
<file name="overlay-icon.png" local="130063036281375474" remote="130946808000000000" testing="0" />
<file name="portlet-collapse-icon-white.png" local="130063036135157111" remote="130946808000000000" testing="0" />
<file name="portlet-config-icon-white.png" local="130063036133937041" remote="130946808000000000" testing="0" />
<file name="portlet-expand-icon-white.png" local="130063036495107699" remote="130946808000000000" testing="0" />
<file name="portlet-reload-icon-white.png" local="130063036223572168" remote="130946808000000000" testing="0" />
<file name="syncfusion-icons.png" local="130063036337168665" remote="130946808000000000" testing="0" />
</dwsync>